{
    "avg_prec": {
        "train": 0.9592206479753985,
        "test": 0.9047741846108176
    },
    "roc_auc": {
        "train": 0.9788253923364216,
        "test": 0.9347598269474211
    }
}
